/*M!999999\- enable the sandbox mode */ 
-- MariaDB dump 10.19  Distrib 10.11.10-MariaDB, for Linux (x86_64)
--
-- Host: localhost    Database: basketball_reference
-- ------------------------------------------------------
-- Server version	10.11.10-MariaDB

/*!40101 SET @OLD_CHARACTER_SET_CLIENT=@@CHARACTER_SET_CLIENT */;
/*!40101 SET @OLD_CHARACTER_SET_RESULTS=@@CHARACTER_SET_RESULTS */;
/*!40101 SET @OLD_COLLATION_CONNECTION=@@COLLATION_CONNECTION */;
/*!40101 SET NAMES utf8mb4 */;
/*!40103 SET @OLD_TIME_ZONE=@@TIME_ZONE */;
/*!40103 SET TIME_ZONE='+00:00' */;
/*!40014 SET @OLD_UNIQUE_CHECKS=@@UNIQUE_CHECKS, UNIQUE_CHECKS=0 */;
/*!40014 SET @OLD_FOREIGN_KEY_CHECKS=@@FOREIGN_KEY_CHECKS, FOREIGN_KEY_CHECKS=0 */;
/*!40101 SET @OLD_SQL_MODE=@@SQL_MODE, SQL_MODE='NO_AUTO_VALUE_ON_ZERO' */;
/*!40111 SET @OLD_SQL_NOTES=@@SQL_NOTES, SQL_NOTES=0 */;

--
-- Table structure for table `mvp`
--

DROP TABLE IF EXISTS `mvp`;
/*!40101 SET @saved_cs_client     = @@character_set_client */;
/*!40101 SET character_set_client = utf8 */;
CREATE TABLE `mvp` (
  `player_id` varchar(31) NOT NULL,
  `team_year_id` varchar(8) NOT NULL,
  PRIMARY KEY (`player_id`,`team_year_id`),
  KEY `team_year_id` (`team_year_id`),
  CONSTRAINT `mvp_ibfk_1` FOREIGN KEY (`player_id`) REFERENCES `players` (`player_id`) ON DELETE CASCADE,
  CONSTRAINT `mvp_ibfk_2` FOREIGN KEY (`team_year_id`) REFERENCES `team_year_mapping` (`team_year_id`) ON DELETE CASCADE
) ENGINE=InnoDB DEFAULT CHARSET=utf8mb4 COLLATE=utf8mb4_unicode_ci;
/*!40101 SET character_set_client = @saved_cs_client */;

--
-- Dumping data for table `mvp`
--

LOCK TABLES `mvp` WRITE;
/*!40000 ALTER TABLE `mvp` DISABLE KEYS */;
INSERT INTO `mvp` VALUES
('a/abdulka01','LAL/1976'),
('a/abdulka01','LAL/1977'),
('a/abdulka01','LAL/1980'),
('a/abdulka01','MIL/1971'),
('a/abdulka01','MIL/1972'),
('a/abdulka01','MIL/1974'),
('a/antetgi01','MIL/2019'),
('a/antetgi01','MIL/2020'),
('b/barklch01','PHO/1993'),
('b/birdla01','BOS/1984'),
('b/birdla01','BOS/1985'),
('b/birdla01','BOS/1986'),
('b/bryanko01','LAL/2008'),
('c/chambwi01','PHI/1966'),
('c/chambwi01','PHI/1967'),
('c/chambwi01','PHI/1968'),
('c/chambwi01','PHW/1960'),
('c/cousybo01','BOS/1957'),
('c/cowenda01','BOS/1973'),
('c/curryst01','GSW/2015'),
('c/curryst01','GSW/2016'),
('d/duncati01','SAS/2002'),
('d/duncati01','SAS/2003'),
('d/duranke01','OKC/2014'),
('e/embiijo01','PHI/2023'),
('e/ervinju01','PHI/1981'),
('g/garneke01','MIN/2004'),
('h/hardeja01','HOU/2018'),
('i/iversal01','PHI/2001'),
('j/jamesle01','CLE/2009'),
('j/jamesle01','CLE/2010'),
('j/jamesle01','MIA/2012'),
('j/jamesle01','MIA/2013'),
('j/johnsma02','LAL/1987'),
('j/johnsma02','LAL/1989'),
('j/johnsma02','LAL/1990'),
('j/jokicni01','DEN/2021'),
('j/jokicni01','DEN/2022'),
('j/jokicni01','DEN/2024'),
('j/jordami01','CHI/1988'),
('j/jordami01','CHI/1991'),
('j/jordami01','CHI/1992'),
('j/jordami01','CHI/1996'),
('j/jordami01','CHI/1998'),
('m/malonka01','UTA/1997'),
('m/malonka01','UTA/1999'),
('m/malonmo01','HOU/1979'),
('m/malonmo01','HOU/1982'),
('m/malonmo01','PHI/1983'),
('m/mcadobo01','BUF/1975'),
('n/nashst01','PHO/2005'),
('n/nashst01','PHO/2006'),
('n/nowitdi01','DAL/2007'),
('o/olajuha01','HOU/1994'),
('o/onealsh01','LAL/2000'),
('p/pettibo01','STL/1956'),
('p/pettibo01','STL/1959'),
('r/reedwi01','NYK/1970'),
('r/roberos01','CIN/1964'),
('r/robinda01','SAS/1995'),
('r/rosede01','CHI/2011'),
('r/russebi01','BOS/1958'),
('r/russebi01','BOS/1961'),
('r/russebi01','BOS/1962'),
('r/russebi01','BOS/1963'),
('r/russebi01','BOS/1965'),
('u/unselwe01','BAL/1969'),
('w/waltobi01','POR/1978'),
('w/westbru01','OKC/2017');
/*!40000 ALTER TABLE `mvp` ENABLE KEYS */;
UNLOCK TABLES;

--
-- Table structure for table `mvp_nominees`
--

DROP TABLE IF EXISTS `mvp_nominees`;
/*!40101 SET @saved_cs_client     = @@character_set_client */;
/*!40101 SET character_set_client = utf8 */;
CREATE TABLE `mvp_nominees` (
  `mvp_ranking` tinyint(4) NOT NULL,
  `player_id` varchar(31) NOT NULL,
  `team_year_id` varchar(8) NOT NULL,
  PRIMARY KEY (`mvp_ranking`,`player_id`,`team_year_id`),
  KEY `player_id` (`player_id`),
  KEY `team_year_id` (`team_year_id`),
  CONSTRAINT `mvp_nominees_ibfk_1` FOREIGN KEY (`player_id`) REFERENCES `players` (`player_id`) ON DELETE CASCADE,
  CONSTRAINT `mvp_nominees_ibfk_2` FOREIGN KEY (`team_year_id`) REFERENCES `team_year_mapping` (`team_year_id`) ON DELETE CASCADE
) ENGINE=InnoDB DEFAULT CHARSET=utf8mb4 COLLATE=utf8mb4_unicode_ci;
/*!40101 SET character_set_client = @saved_cs_client */;

--
-- Dumping data for table `mvp_nominees`
--

LOCK TABLES `mvp_nominees` WRITE;
/*!40000 ALTER TABLE `mvp_nominees` DISABLE KEYS */;
INSERT INTO `mvp_nominees` VALUES
(1,'a/antetgi01','MIL/2020'),
(1,'e/embiijo01','PHI/2023'),
(1,'j/jokicni01','DEN/2021'),
(1,'j/jokicni01','DEN/2022'),
(1,'j/jokicni01','DEN/2024'),
(2,'e/embiijo01','PHI/2021'),
(2,'e/embiijo01','PHI/2022'),
(2,'g/gilgesh01','OKC/2024'),
(2,'j/jamesle01','LAL/2020'),
(2,'j/jokicni01','DEN/2023'),
(3,'a/antetgi01','MIL/2022'),
(3,'a/antetgi01','MIL/2023'),
(3,'c/curryst01','GSW/2021'),
(3,'d/doncilu01','DAL/2024'),
(3,'h/hardeja01','HOU/2020'),
(4,'a/antetgi01','MIL/2021'),
(4,'a/antetgi01','MIL/2024'),
(4,'b/bookede01','PHO/2022'),
(4,'d/doncilu01','DAL/2020'),
(4,'t/tatumja01','BOS/2023'),
(5,'b/brunsja01','NYK/2024'),
(5,'d/doncilu01','DAL/2022'),
(5,'g/gilgesh01','OKC/2023'),
(5,'l/leonaka01','LAC/2020'),
(5,'p/paulch01','PHO/2021'),
(6,'d/davisan02','LAL/2020'),
(6,'d/doncilu01','DAL/2021'),
(6,'m/mitchdo01','CLE/2023'),
(6,'t/tatumja01','BOS/2022'),
(6,'t/tatumja01','BOS/2024'),
(7,'e/edwaran01','MIN/2024'),
(7,'l/lillada01','POR/2021'),
(7,'m/moranja01','MEM/2022'),
(7,'p/paulch01','OKC/2020'),
(7,'s/sabondo01','SAC/2023'),
(8,'c/curryst01','GSW/2022'),
(8,'d/doncilu01','DAL/2023'),
(8,'l/lillada01','POR/2020'),
(8,'r/randlju01','NYK/2021'),
(8,'s/sabondo01','SAC/2024'),
(9,'c/curryst01','GSW/2023'),
(9,'d/duranke01','PHO/2024'),
(9,'g/goberru01','UTA/2021'),
(9,'j/jokicni01','DEN/2020'),
(9,'p/paulch01','PHO/2022'),
(10,'b/butleji01','MIA/2023'),
(10,'d/derozde01','CHI/2022'),
(10,'s/siakapa01','TOR/2020'),
(10,'w/westbru01','WAS/2021'),
(11,'b/butleji01','MIA/2020'),
(11,'d/duranke01','BRK/2022'),
(11,'f/foxde01','SAC/2023'),
(11,'j/jamesle01','LAL/2021'),
(12,'b/brunsja01','NYK/2023'),
(12,'j/jamesle01','LAL/2022'),
(12,'l/leonaka01','LAC/2021'),
(12,'t/tatumja01','BOS/2020'),
(13,'m/moranja01','MEM/2023');
/*!40000 ALTER TABLE `mvp_nominees` ENABLE KEYS */;
UNLOCK TABLES;

--
-- Table structure for table `player_position`
--

DROP TABLE IF EXISTS `player_position`;
/*!40101 SET @saved_cs_client     = @@character_set_client */;
/*!40101 SET character_set_client = utf8 */;
CREATE TABLE `player_position` (
  `player_id` varchar(31) NOT NULL,
  `position` varchar(31) NOT NULL,
  PRIMARY KEY (`player_id`,`position`),
  CONSTRAINT `player_position_ibfk_1` FOREIGN KEY (`player_id`) REFERENCES `players` (`player_id`) ON DELETE CASCADE
) ENGINE=InnoDB DEFAULT CHARSET=utf8mb4 COLLATE=utf8mb4_unicode_ci;
/*!40101 SET character_set_client = @saved_cs_client */;

--
-- Dumping data for table `player_position`
--

LOCK TABLES `player_position` WRITE;
/*!40000 ALTER TABLE `player_position` DISABLE KEYS */;
INSERT INTO `player_position` VALUES
('a/abdulka01','Center'),
('a/adamsst01','Center'),
('a/adebaba01','Center'),
('a/adebaba01','Power Forward'),
('a/aldamsa01','Power Forward'),
('a/alexaty01','Shooting Guard'),
('a/allengr01','Shooting Guard'),
('a/anderky01','Power Forward'),
('a/anderky01','Small Forward'),
('a/antetgi01','Point Guard'),
('a/antetgi01','Power Forward'),
('a/antetgi01','Shooting Guard'),
('a/antetgi01','Small Forward'),
('a/antetth01','Power Forward'),
('a/antetth01','Small Forward'),
('a/anunoog01','Power Forward'),
('a/anunoog01','Small Forward'),
('a/aytonde01','Center'),
('a/azubuud01','Center'),
('b/ballla01','Point Guard'),
('b/banchpa01','Power Forward'),
('b/banede01','Shooting Guard'),
('b/bantoda01','Point Guard'),
('b/barklch01','Power Forward'),
('b/barklch01','Small Forward'),
('b/barneha02','Power Forward'),
('b/barneha02','Small Forward'),
('b/barrerj01','Shooting Guard'),
('b/barrerj01','Small Forward'),
('b/basspa01','Small Forward'),
('b/bealbr01','Shooting Guard'),
('b/beaucma01','Small Forward'),
('b/bendedr01','Center'),
('b/bendedr01','Power Forward'),
('b/beysa01','Small Forward'),
('b/birdla01','Power Forward'),
('b/birdla01','Small Forward'),
('b/biyombi01','Center'),
('b/bledser01','Point Guard'),
('b/bledser01','Shooting Guard'),
('b/bogdabo02','Power Forward'),
('b/bogdabo02','Small Forward'),
('b/bookede01','Point Guard'),
('b/bookede01','Shooting Guard'),
('b/bouchch01','Center'),
('b/bouchch01','Power Forward'),
('b/bouchch01','Small Forward'),
('b/brantja01','Power Forward'),
('b/braunch01','Shooting Guard'),
('b/bridgmi01','Shooting Guard'),
('b/bridgmi01','Small Forward'),
('b/bridgmi02','Power Forward'),
('b/bridgmi02','Small Forward'),
('b/brissos01','Power Forward'),
('b/brissos01','Small Forward'),
('b/brogdma01','Point Guard'),
('b/brogdma01','Shooting Guard'),
('b/brookdi01','Shooting Guard'),
('b/brookdi01','Small Forward'),
('b/brownja02','Shooting Guard'),
('b/brownja02','Small Forward'),
('b/brownst02','Shooting Guard'),
('b/brownst02','Small Forward'),
('b/brunsja01','Point Guard'),
('b/brunsja01','Shooting Guard'),
('b/bryanko01','Shooting Guard'),
('b/bryanko01','Small Forward'),
('b/buchash01','Shooting Guard'),
('b/butleji01','Power Forward'),
('b/butleji01','Shooting Guard'),
('b/butleji01','Small Forward'),
('c/caldwke01','Shooting Guard'),
('c/carteje01','Point Guard'),
('c/chambwi01','Center'),
('c/champju01','Small Forward'),
('c/clarkbr01','Power Forward'),
('c/clarkjo01','Point Guard'),
('c/clarkjo01','Shooting Guard'),
('c/collijo01','Power Forward'),
('c/conlemi01','Point Guard'),
('c/connapa01','Shooting Guard'),
('c/connapa01','Small Forward'),
('c/cousybo01','Point Guard'),
('c/cowenda01','Center'),
('c/cowenda01','Power Forward'),
('c/craigto01','Power Forward'),
('c/craigto01','Small Forward'),
('c/crowdja01','Power Forward'),
('c/crowdja01','Small Forward'),
('c/culveja01','Shooting Guard'),
('c/culveja01','Small Forward'),
('c/cunnica01','Point Guard'),
('c/cunnica01','Shooting Guard'),
('c/curryst01','Point Guard'),
('d/davisan02','Center'),
('d/davisan02','Power Forward'),
('d/davisjd01','Point Guard'),
('d/davisjd01','Shooting Guard'),
('d/daviste02','Shooting Guard'),
('d/derozde01','Power Forward'),
('d/derozde01','Shooting Guard'),
('d/derozde01','Small Forward'),
('d/dinwisp01','Point Guard'),
('d/dinwisp01','Shooting Guard'),
('d/divindo01','Shooting Guard'),
('d/doncilu01','Point Guard'),
('d/doncilu01','Shooting Guard'),
('d/dragigo01','Point Guard'),
('d/dragigo01','Shooting Guard'),
('d/duncati01','Center'),
('d/duncati01','Power Forward'),
('d/duranke01','Power Forward'),
('d/duranke01','Shooting Guard'),
('d/duranke01','Small Forward'),
('e/edwaran01','Shooting Guard'),
('e/embiijo01','Center'),
('e/ervinju01','Shooting Guard'),
('e/ervinju01','Small Forward'),
('f/favorde01','Center'),
('f/favorde01','Power Forward'),
('f/forretr01','Point Guard'),
('f/forretr01','Shooting Guard'),
('f/fournev01','Shooting Guard'),
('f/fournev01','Small Forward'),
('f/foxde01','Point Guard'),
('g/gallida01','Power Forward'),
('g/gallida01','Shooting Guard'),
('g/gallida01','Small Forward'),
('g/gallola01','Point Guard'),
('g/gallola01','Shooting Guard'),
('g/garlada01','Point Guard'),
('g/garlada01','Shooting Guard'),
('g/garneke01','Center'),
('g/garneke01','Power Forward'),
('g/garneke01','Small Forward'),
('g/gasolma01','Center'),
('g/georgpa01','Power Forward'),
('g/georgpa01','Shooting Guard'),
('g/georgpa01','Small Forward'),
('g/gilgesh01','Point Guard'),
('g/gilgesh01','Shooting Guard'),
('g/gilleco01','Point Guard'),
('g/goberru01','Center'),
('g/gordoaa01','Power Forward'),
('g/gordoaa01','Small Forward'),
('g/grahade01','Point Guard'),
('g/grantje01','Power Forward'),
('g/grantje01','Small Forward'),
('g/greenaj01','Shooting Guard'),
('g/greenja05','Shooting Guard'),
('g/griffbl01','Center'),
('g/griffbl01','Power Forward'),
('h/halibty01','Point Guard'),
('h/halibty01','Shooting Guard'),
('h/hardati02','Shooting Guard'),
('h/hardati02','Small Forward'),
('h/hardeja01','Point Guard'),
('h/hardeja01','Shooting Guard'),
('h/harremo01','Center'),
('h/harremo01','Power Forward'),
('h/harrish01','Point Guard'),
('h/harrish01','Shooting Guard'),
('h/harrito02','Power Forward'),
('h/harrito02','Small Forward'),
('h/hausesa01','Power Forward'),
('h/hausesa01','Small Forward'),
('h/hernade01','Center'),
('h/herroty01','Shooting Guard'),
('h/hieldbu01','Shooting Guard'),
('h/hieldbu01','Small Forward'),
('h/hillge01','Point Guard'),
('h/hillge01','Shooting Guard'),
('h/holidaa01','Point Guard'),
('h/holidjr01','Point Guard'),
('h/holidjr01','Shooting Guard'),
('h/holidju01','Shooting Guard'),
('h/holidju01','Small Forward'),
('h/holliro01','Power Forward'),
('h/holliro01','Small Forward'),
('h/holmgch01','Center'),
('h/holmgch01','Power Forward'),
('h/horfoal01','Center'),
('h/huffja01','Center'),
('h/hugheel01','Shooting Guard'),
('h/hugheel01','Small Forward'),
('h/hutchch01','Small Forward'),
('i/ibakase01','Center'),
('i/ibakase01','Power Forward'),
('i/ilyaser01','Power Forward'),
('i/inglejo01','Power Forward'),
('i/inglejo01','Small Forward'),
('i/ingrabr01','Power Forward'),
('i/ingrabr01','Small Forward'),
('i/irvinky01','Point Guard'),
('i/irvinky01','Shooting Guard'),
('i/iversal01','Point Guard'),
('i/iversal01','Shooting Guard'),
('j/jacksja02','Center'),
('j/jacksja02','Power Forward'),
('j/jacksju01','Power Forward'),
('j/jacksju01','Small Forward'),
('j/jacksre01','Point Guard'),
('j/jacksre01','Shooting Guard'),
('j/jamesle01','Center'),
('j/jamesle01','Point Guard'),
('j/jamesle01','Power Forward'),
('j/jamesle01','Shooting Guard'),
('j/jamesle01','Small Forward'),
('j/jeffrda01','Shooting Guard'),
('j/johnsca02','Power Forward'),
('j/johnske04','Small Forward'),
('j/johnsma02','Point Guard'),
('j/johnsma02','Power Forward'),
('j/johnsma02','Shooting Guard'),
('j/johnsst04','Power Forward'),
('j/johnsst04','Small Forward'),
('j/jokicni01','Center'),
('j/jonesda03','Center'),
('j/jonesty01','Point Guard'),
('j/jordade01','Center'),
('j/jordami01','Shooting Guard'),
('j/jordami01','Small Forward'),
('k/kabenmf01','Center'),
('k/kabenmf01','Power Forward'),
('k/kaminfr01','Center'),
('k/kaminfr01','Power Forward'),
('k/keybr01','Small Forward'),
('k/konchjo01','Shooting Guard'),
('k/konchjo01','Small Forward'),
('k/kornelu01','Center'),
('k/korveky01','Power Forward'),
('k/korveky01','Shooting Guard'),
('k/korveky01','Small Forward'),
('k/kuzmaky01','Power Forward'),
('k/kuzmaky01','Small Forward'),
('l/lavinza01','Point Guard'),
('l/lavinza01','Shooting Guard'),
('l/lavinza01','Small Forward'),
('l/leonaka01','Small Forward'),
('l/leoname01','Center'),
('l/leoname01','Power Forward'),
('l/lillada01','Point Guard'),
('l/lopezbr01','Center'),
('l/lopezro01','Center'),
('l/lowryky01','Point Guard'),
('l/lundbga01','Shooting Guard'),
('m/malonka01','Power Forward'),
('m/malonmo01','Center'),
('m/malonmo01','Power Forward'),
('m/mamuksa01','Center'),
('m/mamuksa01','Power Forward'),
('m/markkla01','Power Forward'),
('m/markkla01','Small Forward'),
('m/masonfr01','Point Guard'),
('m/mathida01','Shooting Guard'),
('m/matthwe02','Shooting Guard'),
('m/matthwe02','Small Forward'),
('m/maxeyty01','Point Guard'),
('m/maxeyty01','Shooting Guard'),
('m/mcadobo01','Center'),
('m/mcadobo01','Power Forward'),
('m/mccawpa01','Shooting Guard'),
('m/mccawpa01','Small Forward'),
('m/mccolcj01','Point Guard'),
('m/mccolcj01','Shooting Guard'),
('m/mcgeeja01','Center'),
('m/meltode01','Point Guard'),
('m/meltode01','Shooting Guard'),
('m/merrisa01','Shooting Guard'),
('m/middlkh01','Shooting Guard'),
('m/middlkh01','Small Forward'),
('m/millema01','Small Forward'),
('m/mitchdo01','Point Guard'),
('m/mitchdo01','Shooting Guard'),
('m/mooreet01','Point Guard'),
('m/mooreet01','Shooting Guard'),
('m/moranja01','Point Guard'),
('m/morgaju01','Power Forward'),
('m/murrade01','Point Guard'),
('m/murrade01','Shooting Guard'),
('m/murraja01','Point Guard'),
('m/murraja01','Shooting Guard'),
('m/muscami01','Center'),
('m/muscami01','Power Forward'),
('m/mykhasv01','Small Forward'),
('n/naderab01','Small Forward'),
('n/nashst01','Point Guard'),
('n/niangge01','Power Forward'),
('n/nnajize01','Power Forward'),
('n/nowitdi01','Center'),
('n/nowitdi01','Power Forward'),
('n/nworajo01','Small Forward'),
('o/olajuha01','Center'),
('o/onealro01','Small Forward'),
('o/onealsh01','Center'),
('o/onimi01','Shooting Guard'),
('o/onimi01','Small Forward'),
('p/paulch01','Point Guard'),
('p/payneca01','Point Guard'),
('p/payneca01','Shooting Guard'),
('p/paytoel01','Point Guard'),
('p/peterdr01','Power Forward'),
('p/pettibo01','Center'),
('p/pettibo01','Power Forward'),
('p/pickeja02','Shooting Guard'),
('p/pondssh01','Point Guard'),
('p/ponsyv01','Small Forward'),
('p/poolejo01','Point Guard'),
('p/poolejo01','Shooting Guard'),
('p/portemi01','Small Forward'),
('p/portibo01','Center'),
('p/portibo01','Power Forward'),
('p/porzikr01','Center'),
('p/porzikr01','Power Forward'),
('p/powelno01','Shooting Guard'),
('p/powelno01','Small Forward'),
('p/pritcpa01','Point Guard'),
('p/pritcpa01','Shooting Guard'),
('q/quetane01','Center'),
('r/randlju01','Center'),
('r/randlju01','Power Forward'),
('r/reedwi01','Center'),
('r/reedwi01','Power Forward'),
('r/roberos01','Point Guard'),
('r/robinda01','Center'),
('r/rosede01','Point Guard'),
('r/roziete01','Point Guard'),
('r/roziete01','Shooting Guard'),
('r/russebi01','Center'),
('r/russeda01','Point Guard'),
('s/sabondo01','Center'),
('s/sabondo01','Power Forward'),
('s/saricda01','Center'),
('s/saricda01','Power Forward'),
('s/schrode01','Point Guard'),
('s/schrode01','Shooting Guard'),
('s/sextoco01','Point Guard'),
('s/sextoco01','Shooting Guard'),
('s/shamela01','Shooting Guard'),
('s/siakapa01','Power Forward'),
('s/smartma01','Point Guard'),
('s/smartma01','Shooting Guard'),
('s/smithja04','Center'),
('s/smithja04','Power Forward'),
('s/sneedxa01','Small Forward'),
('s/sprinja01','Shooting Guard'),
('s/stevela01','Power Forward'),
('s/stevela01','Small Forward'),
('s/strawju01','Shooting Guard'),
('s/strawju01','Small Forward'),
('t/tatumja01','Power Forward'),
('t/tatumja01','Small Forward'),
('t/terryem01','Power Forward'),
('t/terryty01','Point Guard'),
('t/teskejo01','Center'),
('t/thomaca02','Shooting Guard'),
('t/thomama02','Shooting Guard'),
('t/thompkl01','Shooting Guard'),
('t/thompkl01','Small Forward'),
('t/tilliki02','Center'),
('t/tillmxa01','Center'),
('t/tillmxa01','Power Forward'),
('t/townska01','Center'),
('t/townska01','Power Forward'),
('t/trentga02','Shooting Guard'),
('t/trentga02','Small Forward'),
('t/tysonhu01','Power Forward'),
('u/unselwe01','Center'),
('v/valanjo01','Center'),
('v/vanvlfr01','Point Guard'),
('v/vanvlfr01','Shooting Guard'),
('v/vonleno01','Center'),
('v/vonleno01','Power Forward'),
('v/vucevni01','Center'),
('w/wagnefr01','Small Forward'),
('w/wainris01','Power Forward'),
('w/wainris01','Small Forward'),
('w/walkeke02','Point Guard'),
('w/walkemj01','Shooting Guard'),
('w/walshjo01','Power Forward'),
('w/walshjo01','Small Forward'),
('w/waltobi01','Center'),
('w/warretj01','Power Forward'),
('w/warretj01','Small Forward'),
('w/watsopa01','Small Forward'),
('w/watsope01','Shooting Guard'),
('w/watsope01','Small Forward'),
('w/wembavi01','Center'),
('w/wembavi01','Power Forward'),
('w/westbru01','Point Guard'),
('w/whiteco01','Point Guard'),
('w/whiteco01','Shooting Guard'),
('w/whitede01','Point Guard'),
('w/whitede01','Shooting Guard'),
('w/wiggian01','Power Forward'),
('w/wiggian01','Small Forward'),
('w/wiggili01','Point Guard'),
('w/willigr01','Power Forward'),
('w/willija06','Power Forward'),
('w/willija06','Shooting Guard'),
('w/willilo02','Point Guard'),
('w/willilo02','Shooting Guard'),
('w/willima02','Power Forward'),
('w/willima02','Small Forward'),
('w/williro04','Center'),
('w/willizi01','Power Forward'),
('w/willizi02','Small Forward'),
('w/wilsodj01','Power Forward'),
('y/youngtr01','Point Guard');
/*!40000 ALTER TABLE `player_position` ENABLE KEYS */;
UNLOCK TABLES;

--
-- Table structure for table `player_rank`
--

DROP TABLE IF EXISTS `player_rank`;
/*!40101 SET @saved_cs_client     = @@character_set_client */;
/*!40101 SET character_set_client = utf8 */;
CREATE TABLE `player_rank` (
  `ranking` int(11) NOT NULL,
  `player_id` varchar(31) NOT NULL,
  `team_year_id` varchar(8) NOT NULL,
  PRIMARY KEY (`ranking`,`player_id`,`team_year_id`),
  KEY `player_id` (`player_id`),
  KEY `team_year_id` (`team_year_id`),
  CONSTRAINT `player_rank_ibfk_1` FOREIGN KEY (`player_id`) REFERENCES `players` (`player_id`) ON DELETE CASCADE,
  CONSTRAINT `player_rank_ibfk_2` FOREIGN KEY (`team_year_id`) REFERENCES `team_year_mapping` (`team_year_id`) ON DELETE CASCADE
) ENGINE=InnoDB DEFAULT CHARSET=utf8mb4 COLLATE=utf8mb4_unicode_ci;
/*!40101 SET character_set_client = @saved_cs_client */;

--
-- Dumping data for table `player_rank`
--

LOCK TABLES `player_rank` WRITE;
/*!40000 ALTER TABLE `player_rank` DISABLE KEYS */;
INSERT INTO `player_rank` VALUES
(1,'c/curryst01','GSW/2021'),
(1,'d/doncilu01','DAL/2024'),
(1,'h/hardeja01','HOU/2020'),
(1,'t/tatumja01','BOS/2023'),
(1,'y/youngtr01','ATL/2022'),
(2,'d/derozde01','CHI/2022'),
(2,'e/embiijo01','PHI/2023'),
(2,'g/gilgesh01','OKC/2024'),
(2,'l/lillada01','POR/2020'),
(2,'l/lillada01','POR/2021'),
(3,'a/antetgi01','MIL/2024'),
(3,'b/bookede01','PHO/2020'),
(3,'d/doncilu01','DAL/2023'),
(3,'e/embiijo01','PHI/2022'),
(3,'j/jokicni01','DEN/2021'),
(4,'a/antetgi01','MIL/2020'),
(4,'b/bealbr01','WAS/2021'),
(4,'b/brunsja01','NYK/2024'),
(4,'g/gilgesh01','OKC/2023'),
(4,'t/tatumja01','BOS/2022'),
(5,'a/antetgi01','MIL/2023'),
(5,'d/doncilu01','DAL/2021'),
(5,'j/jokicni01','DEN/2022'),
(5,'j/jokicni01','DEN/2024'),
(5,'y/youngtr01','ATL/2020'),
(6,'a/antetgi01','MIL/2021'),
(6,'a/antetgi01','MIL/2022'),
(6,'d/doncilu01','DAL/2020'),
(6,'e/edwaran01','MIN/2023'),
(6,'e/edwaran01','MIN/2024'),
(7,'b/bealbr01','WAS/2020'),
(7,'b/bookede01','PHO/2021'),
(7,'d/doncilu01','DAL/2022'),
(7,'d/duranke01','PHO/2024'),
(7,'r/randlju01','NYK/2023'),
(8,'b/bookede01','PHO/2022'),
(8,'j/jamesle01','LAL/2020'),
(8,'m/mitchdo01','CLE/2023'),
(8,'r/randlju01','NYK/2021'),
(8,'t/tatumja01','BOS/2024'),
(9,'f/foxde01','SAC/2024'),
(9,'m/mitchdo01','UTA/2020'),
(9,'t/tatumja01','BOS/2021'),
(9,'t/townska01','MIN/2022'),
(9,'y/youngtr01','ATL/2023'),
(10,'c/curryst01','GSW/2024'),
(10,'d/davisan02','LAL/2020'),
(10,'l/lavinza01','CHI/2023'),
(10,'m/mitchdo01','UTA/2022'),
(10,'w/willizi01','NOP/2021'),
(11,'d/derozde01','CHI/2024'),
(11,'j/jamesle01','LAL/2022'),
(11,'l/lillada01','POR/2023'),
(11,'m/mccolcj01','POR/2020'),
(11,'v/vucevni01','ORL/2021'),
(12,'d/davisan02','LAL/2024'),
(12,'d/duranke01','BRK/2022'),
(12,'f/foxde01','SAC/2023'),
(12,'v/vucevni01','CHI/2021'),
(12,'w/westbru01','HOU/2020'),
(13,'b/bookede01','PHO/2024'),
(13,'d/derozde01','CHI/2023'),
(13,'l/lavinza01','CHI/2022'),
(13,'t/tatumja01','BOS/2020'),
(13,'y/youngtr01','ATL/2021'),
(14,'b/brownja02','BOS/2023'),
(14,'c/curryst01','GSW/2022'),
(14,'j/jamesle01','LAL/2024'),
(14,'l/lavinza01','CHI/2021'),
(14,'l/leonaka01','LAC/2020'),
(15,'b/bridgmi02','CHO/2022'),
(15,'f/foxde01','SAC/2021'),
(15,'l/lavinza01','CHI/2020'),
(15,'m/maxeyty01','PHI/2024'),
(15,'s/siakapa01','TOR/2023'),
(16,'b/banchpa01','ORL/2024'),
(16,'d/derozde01','SAS/2020'),
(16,'m/markkla01','UTA/2023'),
(16,'m/moranja01','MEM/2022'),
(16,'s/sextoco01','CLE/2021'),
(17,'b/brownja02','BOS/2022'),
(17,'e/embiijo01','PHI/2021'),
(17,'i/ingrabr01','NOP/2020'),
(17,'j/jokicni01','DEN/2023'),
(17,'l/lillada01','MIL/2024'),
(18,'g/greenja05','HOU/2023'),
(18,'i/irvinky01','BRK/2021'),
(18,'j/jokicni01','DEN/2020'),
(18,'m/murrade01','ATL/2024'),
(18,'s/siakapa01','TOR/2022'),
(19,'e/edwaran01','MIN/2022'),
(19,'h/harrito02','PHI/2020'),
(19,'i/ingrabr01','NOP/2021'),
(19,'p/poolejo01','GSW/2023'),
(19,'s/siakapa01','TOR/2024'),
(20,'b/ballla01','CHO/2022'),
(20,'b/bridgmi01','PHO/2023'),
(20,'h/hieldbu01','SAC/2020'),
(20,'s/siakapa01','IND/2024'),
(20,'w/westbru01','WAS/2021'),
(21,'b/bridgmi01','BRK/2023'),
(21,'b/brownja02','BOS/2021'),
(21,'g/garlada01','CLE/2022'),
(21,'g/georgpa01','LAC/2024'),
(21,'s/siakapa01','TOR/2020'),
(22,'c/curryst01','GSW/2023'),
(22,'l/leonaka01','LAC/2024'),
(22,'r/randlju01','NYK/2022'),
(22,'r/roziete01','CHO/2021'),
(22,'s/sextoco01','CLE/2020'),
(23,'b/brownja02','BOS/2024'),
(23,'b/brunsja01','NYK/2023'),
(23,'g/gilgesh01','OKC/2020'),
(23,'m/mitchdo01','UTA/2021'),
(23,'w/westbru01','LAL/2022'),
(24,'e/edwaran01','MIN/2021'),
(24,'g/greenja05','HOU/2024'),
(24,'i/irvinky01','BRK/2023'),
(24,'m/murrade01','SAS/2022'),
(24,'w/warretj01','IND/2020'),
(25,'b/bridgmi01','BRK/2024'),
(25,'d/dinwisp01','BRK/2020'),
(25,'h/hardeja01','BRK/2022'),
(25,'i/irvinky01','DAL/2023'),
(25,'m/middlkh01','MIL/2021'),
(26,'h/hardeja01','PHI/2022'),
(26,'m/middlkh01','MIL/2020'),
(26,'m/moranja01','MEM/2023'),
(26,'w/wiggian01','GSW/2021'),
(26,'w/willizi01','NOP/2024'),
(27,'b/bogdabo02','UTA/2020'),
(27,'d/derozde01','SAS/2021'),
(27,'j/jamesle01','LAL/2023'),
(27,'r/roziete01','CHO/2022'),
(27,'s/sabondo01','SAC/2024'),
(28,'k/kuzmaky01','WAS/2024'),
(28,'l/leonaka01','LAC/2021'),
(28,'m/mccolcj01','NOP/2023'),
(28,'p/poolejo01','GSW/2022'),
(28,'r/randlju01','NYK/2020'),
(29,'a/adebaba01','MIA/2023'),
(29,'b/barrerj01','NYK/2022'),
(29,'p/paulch01','OKC/2020'),
(29,'p/powelno01','TOR/2021'),
(29,'w/wembavi01','SAS/2024'),
(30,'b/banede01','MEM/2022'),
(30,'m/murrade01','ATL/2023'),
(30,'p/powelno01','POR/2021'),
(30,'s/schrode01','OKC/2020'),
(30,'w/whiteco01','CHI/2024'),
(31,'b/barrerj01','NYK/2021'),
(31,'f/fournev01','ORL/2020'),
(31,'g/gilgesh01','OKC/2022'),
(31,'i/irvinky01','DAL/2024'),
(31,'s/sabondo01','SAC/2023'),
(32,'j/jacksja02','MEM/2024'),
(32,'m/mccolcj01','POR/2022'),
(32,'s/sabondo01','IND/2021'),
(32,'t/thompkl01','GSW/2023'),
(32,'v/vucevni01','ORL/2020'),
(33,'g/georgpa01','LAC/2021'),
(33,'m/mccolcj01','NOP/2022'),
(33,'m/moranja01','MEM/2020'),
(33,'p/porzikr01','WAS/2023'),
(33,'t/thomaca02','BRK/2024'),
(34,'c/clarkjo01','UTA/2021'),
(34,'f/foxde01','SAC/2022'),
(34,'g/garlada01','CLE/2023'),
(34,'m/mitchdo01','CLE/2024'),
(34,'w/willilo02','LAC/2020'),
(35,'b/brookdi01','MEM/2020'),
(35,'h/herroty01','MIA/2022'),
(35,'s/sextoco01','UTA/2024'),
(35,'t/townska01','MIN/2021'),
(35,'w/wagnefr01','ORL/2023'),
(36,'b/bogdabo02','UTA/2021'),
(36,'b/bookede01','PHO/2023'),
(36,'b/bridgmi02','CHO/2024'),
(36,'m/middlkh01','MIL/2022'),
(36,'w/wiggian01','MIN/2020'),
(37,'b/beysa01','DET/2022'),
(37,'b/butleji01','MIA/2023'),
(37,'h/harrito02','PHI/2021'),
(37,'w/wagnefr01','ORL/2024'),
(37,'w/wiggian01','GSW/2020'),
(38,'c/cunnica01','DET/2024'),
(38,'d/davisan02','LAL/2023'),
(38,'g/grantje01','DET/2021'),
(38,'h/harremo01','LAC/2020'),
(38,'v/vanvlfr01','TOR/2022'),
(39,'e/embiijo01','PHI/2020'),
(39,'h/halibty01','IND/2024'),
(39,'m/moranja01','MEM/2021'),
(39,'v/valanjo01','NOP/2022'),
(39,'v/vucevni01','CHI/2023'),
(40,'a/adebaba01','MIA/2021'),
(40,'b/banchpa01','ORL/2023'),
(40,'h/holidjr01','NOP/2020'),
(40,'m/maxeyty01','PHI/2022'),
(40,'y/youngtr01','ATL/2024'),
(41,'b/barrerj01','NYK/2023'),
(41,'p/porzikr01','DAL/2020'),
(41,'s/siakapa01','TOR/2021'),
(41,'t/thompkl01','GSW/2024'),
(41,'v/vucevni01','CHI/2022'),
(42,'b/brogdma01','IND/2021'),
(42,'b/brunsja01','DAL/2022'),
(42,'g/gallida01','OKC/2020'),
(42,'j/johnske04','SAS/2023'),
(42,'v/vucevni01','CHI/2024'),
(43,'b/brownja02','BOS/2020'),
(43,'d/dinwisp01','DAL/2023'),
(43,'h/hieldbu01','SAC/2021'),
(43,'r/russeda01','LAL/2024'),
(43,'t/trentga02','TOR/2022'),
(44,'a/adebaba01','MIA/2024'),
(44,'b/butleji01','MIA/2020'),
(44,'d/dinwisp01','BRK/2023'),
(44,'h/hardati02','DAL/2021'),
(44,'j/johnske04','SAS/2022'),
(45,'d/duranke01','BRK/2023'),
(45,'h/holmgch01','OKC/2024'),
(45,'j/jacksja02','MEM/2022'),
(45,'p/portemi01','DEN/2021'),
(45,'s/sabondo01','IND/2020'),
(46,'a/adebaba01','MIA/2020'),
(46,'b/brookdi01','MEM/2021'),
(46,'c/clarkjo01','UTA/2022'),
(46,'d/duranke01','PHO/2023'),
(46,'p/poolejo01','WAS/2024'),
(47,'b/barneha02','SAC/2022'),
(47,'g/grahade01','CHO/2020'),
(47,'k/kuzmaky01','WAS/2023'),
(47,'p/paulch01','PHO/2021'),
(47,'p/portemi01','DEN/2024'),
(48,'h/herroty01','MIA/2023'),
(48,'h/hieldbu01','SAC/2022'),
(48,'j/jamesle01','LAL/2021'),
(48,'w/walkeke02','BOS/2020'),
(48,'w/willija06','OKC/2024'),
(49,'b/butleji01','MIA/2021'),
(49,'e/embiijo01','PHI/2024'),
(49,'h/hieldbu01','IND/2022'),
(49,'h/hieldbu01','IND/2023'),
(49,'r/roziete01','CHO/2020'),
(50,'c/collijo01','ATL/2021'),
(50,'j/jacksre01','LAC/2022'),
(50,'l/lowryky01','TOR/2020'),
(50,'t/townska01','MIN/2024'),
(50,'v/vanvlfr01','TOR/2023');
/*!40000 ALTER TABLE `player_rank` ENABLE KEYS */;
UNLOCK TABLES;

--
-- Table structure for table `player_team_year`
--

DROP TABLE IF EXISTS `player_team_year`;
/*!40101 SET @saved_cs_client     = @@character_set_client */;
/*!40101 SET character_set_client = utf8 */;
CREATE TABLE `player_team_year` (
  `player_id` varchar(31) NOT NULL,
  `team_year_id` varchar(8) NOT NULL,
  PRIMARY KEY (`player_id`,`team_year_id`),
  KEY `team_year_id` (`team_year_id`),
  CONSTRAINT `player_team_year_ibfk_1` FOREIGN KEY (`player_id`) REFERENCES `players` (`player_id`) ON DELETE CASCADE,
  CONSTRAINT `player_team_year_ibfk_2` FOREIGN KEY (`team_year_id`) REFERENCES `team_year_mapping` (`team_year_id`) ON DELETE CASCADE
) ENGINE=InnoDB DEFAULT CHARSET=utf8mb4 COLLATE=utf8mb4_unicode_ci;
/*!40101 SET character_set_client = @saved_cs_client */;

--
-- Dumping data for table `player_team_year`
--

LOCK TABLES `player_team_year` WRITE;
/*!40000 ALTER TABLE `player_team_year` DISABLE KEYS */;
INSERT INTO `player_team_year` VALUES
('a/abdulka01','LAL/1976'),
('a/abdulka01','LAL/1977'),
('a/abdulka01','LAL/1980'),
('a/abdulka01','MIL/1971'),
('a/abdulka01','MIL/1972'),
('a/abdulka01','MIL/1974'),
('a/adamsst01','MEM/2022'),
('a/adebaba01','MIA/2020'),
('a/adebaba01','MIA/2021'),
('a/adebaba01','MIA/2023'),
('a/adebaba01','MIA/2024'),
('a/aldamsa01','MEM/2022'),
('a/alexaty01','PHO/2021'),
('a/allengr01','MIL/2023'),
('a/anderky01','MEM/2022'),
('a/antetgi01','MIL/2019'),
('a/antetgi01','MIL/2020'),
('a/antetgi01','MIL/2021'),
('a/antetgi01','MIL/2022'),
('a/antetgi01','MIL/2023'),
('a/antetgi01','MIL/2024'),
('a/antetth01','MIL/2020'),
('a/antetth01','MIL/2023'),
('a/anunoog01','TOR/2020'),
('a/aytonde01','PHO/2021'),
('a/aytonde01','PHO/2022'),
('a/azubuud01','UTA/2021'),
('b/ballla01','CHO/2022'),
('b/banchpa01','ORL/2023'),
('b/banchpa01','ORL/2024'),
('b/banede01','MEM/2022'),
('b/bantoda01','BOS/2024'),
('b/barklch01','PHO/1993'),
('b/barneha02','SAC/2022'),
('b/barrerj01','NYK/2021'),
('b/barrerj01','NYK/2022'),
('b/barrerj01','NYK/2023'),
('b/basspa01','PHO/2022'),
('b/bealbr01','WAS/2020'),
('b/bealbr01','WAS/2021'),
('b/beaucma01','MIL/2023'),
('b/bendedr01','MIL/2020'),
('b/beysa01','DET/2022'),
('b/birdla01','BOS/1984'),
('b/birdla01','BOS/1985'),
('b/birdla01','BOS/1986'),
('b/biyombi01','PHO/2022'),
('b/bledser01','MIL/2020'),
('b/bogdabo02','UTA/2020'),
('b/bogdabo02','UTA/2021'),
('b/bookede01','PHO/2020'),
('b/bookede01','PHO/2021'),
('b/bookede01','PHO/2022'),
('b/bookede01','PHO/2023'),
('b/bookede01','PHO/2024'),
('b/bouchch01','TOR/2020'),
('b/brantja01','UTA/2021'),
('b/braunch01','DEN/2024'),
('b/bridgmi01','BRK/2023'),
('b/bridgmi01','BRK/2024'),
('b/bridgmi01','PHO/2021'),
('b/bridgmi01','PHO/2022'),
('b/bridgmi01','PHO/2023'),
('b/bridgmi02','CHO/2022'),
('b/bridgmi02','CHO/2024'),
('b/brissos01','BOS/2024'),
('b/brissos01','TOR/2020'),
('b/brogdma01','BOS/2023'),
('b/brogdma01','IND/2021'),
('b/brookdi01','MEM/2020'),
('b/brookdi01','MEM/2021'),
('b/brookdi01','MEM/2022'),
('b/brownja02','BOS/2020'),
('b/brownja02','BOS/2021'),
('b/brownja02','BOS/2022'),
('b/brownja02','BOS/2023'),
('b/brownja02','BOS/2024'),
('b/brownst02','MIL/2020'),
('b/brunsja01','DAL/2022'),
('b/brunsja01','NYK/2023'),
('b/brunsja01','NYK/2024'),
('b/bryanko01','LAL/2008'),
('b/buchash01','MEM/2022'),
('b/butleji01','MIA/2020'),
('b/butleji01','MIA/2021'),
('b/butleji01','MIA/2023'),
('c/caldwke01','DEN/2024'),
('c/carteje01','MIL/2023'),
('c/carteje01','PHO/2021'),
('c/chambwi01','PHI/1966'),
('c/chambwi01','PHI/1967'),
('c/chambwi01','PHI/1968'),
('c/chambwi01','PHW/1960'),
('c/champju01','BOS/2023'),
('c/clarkbr01','MEM/2022'),
('c/clarkjo01','UTA/2021'),
('c/clarkjo01','UTA/2022'),
('c/collijo01','ATL/2021'),
('c/conlemi01','UTA/2021'),
('c/connapa01','MIL/2020'),
('c/connapa01','MIL/2023'),
('c/cousybo01','BOS/1957'),
('c/cowenda01','BOS/1973'),
('c/craigto01','PHO/2021'),
('c/craigto01','PHO/2022'),
('c/crowdja01','MIL/2023'),
('c/crowdja01','PHO/2021'),
('c/crowdja01','PHO/2022'),
('c/culveja01','MEM/2022'),
('c/cunnica01','DET/2024'),
('c/curryst01','GSW/2015'),
('c/curryst01','GSW/2016'),
('c/curryst01','GSW/2021'),
('c/curryst01','GSW/2022'),
('c/curryst01','GSW/2023'),
('c/curryst01','GSW/2024'),
('d/davisan02','LAL/2020'),
('d/davisan02','LAL/2023'),
('d/davisan02','LAL/2024'),
('d/davisjd01','BOS/2023'),
('d/davisjd01','BOS/2024'),
('d/daviste02','TOR/2020'),
('d/derozde01','CHI/2022'),
('d/derozde01','CHI/2023'),
('d/derozde01','CHI/2024'),
('d/derozde01','SAS/2020'),
('d/derozde01','SAS/2021'),
('d/dinwisp01','BRK/2020'),
('d/dinwisp01','BRK/2023'),
('d/dinwisp01','DAL/2023'),
('d/divindo01','MIL/2020'),
('d/doncilu01','DAL/2020'),
('d/doncilu01','DAL/2021'),
('d/doncilu01','DAL/2022'),
('d/doncilu01','DAL/2023'),
('d/doncilu01','DAL/2024'),
('d/dragigo01','MIL/2023'),
('d/duncati01','SAS/2002'),
('d/duncati01','SAS/2003'),
('d/duranke01','BRK/2022'),
('d/duranke01','BRK/2023'),
('d/duranke01','OKC/2014'),
('d/duranke01','PHO/2023'),
('d/duranke01','PHO/2024'),
('e/edwaran01','MIN/2021'),
('e/edwaran01','MIN/2022'),
('e/edwaran01','MIN/2023'),
('e/edwaran01','MIN/2024'),
('e/embiijo01','PHI/2020'),
('e/embiijo01','PHI/2021'),
('e/embiijo01','PHI/2022'),
('e/embiijo01','PHI/2023'),
('e/embiijo01','PHI/2024'),
('e/ervinju01','PHI/1981'),
('f/favorde01','UTA/2021'),
('f/forretr01','UTA/2021'),
('f/fournev01','ORL/2020'),
('f/foxde01','SAC/2021'),
('f/foxde01','SAC/2022'),
('f/foxde01','SAC/2023'),
('f/foxde01','SAC/2024'),
('g/gallida01','OKC/2020'),
('g/gallola01','PHO/2021'),
('g/garlada01','CLE/2022'),
('g/garlada01','CLE/2023'),
('g/garneke01','MIN/2004'),
('g/gasolma01','TOR/2020'),
('g/georgpa01','LAC/2021'),
('g/georgpa01','LAC/2024'),
('g/gilgesh01','OKC/2020'),
('g/gilgesh01','OKC/2022'),
('g/gilgesh01','OKC/2023'),
('g/gilgesh01','OKC/2024'),
('g/gilleco01','DEN/2024'),
('g/goberru01','UTA/2021'),
('g/gordoaa01','DEN/2024'),
('g/grahade01','CHO/2020'),
('g/grantje01','DET/2021'),
('g/greenaj01','MIL/2023'),
('g/greenja05','HOU/2023'),
('g/greenja05','HOU/2024'),
('g/griffbl01','BOS/2023'),
('h/halibty01','IND/2024'),
('h/hardati02','DAL/2021'),
('h/hardeja01','BRK/2022'),
('h/hardeja01','HOU/2018'),
('h/hardeja01','HOU/2020'),
('h/hardeja01','PHI/2022'),
('h/harremo01','LAC/2020'),
('h/harrish01','UTA/2021'),
('h/harrito02','PHI/2020'),
('h/harrito02','PHI/2021'),
('h/hausesa01','BOS/2023'),
('h/hausesa01','BOS/2024'),
('h/hernade01','TOR/2020'),
('h/herroty01','MIA/2022'),
('h/herroty01','MIA/2023'),
('h/hieldbu01','IND/2022'),
('h/hieldbu01','IND/2023'),
('h/hieldbu01','SAC/2020'),
('h/hieldbu01','SAC/2021'),
('h/hieldbu01','SAC/2022'),
('h/hillge01','MIL/2020'),
('h/hillge01','MIL/2023'),
('h/holidaa01','PHO/2022'),
('h/holidjr01','BOS/2024'),
('h/holidjr01','MIL/2023'),
('h/holidjr01','NOP/2020'),
('h/holidju01','DEN/2024'),
('h/holliro01','TOR/2020'),
('h/holmgch01','OKC/2024'),
('h/horfoal01','BOS/2023'),
('h/horfoal01','BOS/2024'),
('h/huffja01','DEN/2024'),
('h/hugheel01','UTA/2021'),
('h/hutchch01','PHO/2022'),
('i/ibakase01','MIL/2023'),
('i/ibakase01','TOR/2020'),
('i/ilyaser01','MIL/2020'),
('i/ilyaser01','UTA/2021'),
('i/inglejo01','MIL/2023'),
('i/inglejo01','UTA/2021'),
('i/ingrabr01','NOP/2020'),
('i/ingrabr01','NOP/2021'),
('i/irvinky01','BRK/2021'),
('i/irvinky01','BRK/2023'),
('i/irvinky01','DAL/2023'),
('i/irvinky01','DAL/2024'),
('i/iversal01','PHI/2001'),
('j/jacksja02','MEM/2022'),
('j/jacksja02','MEM/2024'),
('j/jacksju01','BOS/2023'),
('j/jacksju01','PHO/2022'),
('j/jacksre01','DEN/2024'),
('j/jacksre01','LAC/2022'),
('j/jamesle01','CLE/2009'),
('j/jamesle01','CLE/2010'),
('j/jamesle01','LAL/2020'),
('j/jamesle01','LAL/2021'),
('j/jamesle01','LAL/2022'),
('j/jamesle01','LAL/2023'),
('j/jamesle01','LAL/2024'),
('j/jamesle01','MIA/2012'),
('j/jamesle01','MIA/2013'),
('j/jeffrda01','MEM/2022'),
('j/johnsca02','PHO/2021'),
('j/johnsca02','PHO/2022'),
('j/johnske04','SAS/2022'),
('j/johnske04','SAS/2023'),
('j/johnsma02','LAL/1987'),
('j/johnsma02','LAL/1989'),
('j/johnsma02','LAL/1990'),
('j/johnsst04','TOR/2020'),
('j/jokicni01','DEN/2020'),
('j/jokicni01','DEN/2021'),
('j/jokicni01','DEN/2022'),
('j/jokicni01','DEN/2023'),
('j/jokicni01','DEN/2024'),
('j/jonesda03','PHO/2021'),
('j/jonesty01','MEM/2022'),
('j/jordade01','DEN/2024'),
('j/jordami01','CHI/1988'),
('j/jordami01','CHI/1991'),
('j/jordami01','CHI/1992'),
('j/jordami01','CHI/1996'),
('j/jordami01','CHI/1998'),
('k/kabenmf01','BOS/2023'),
('k/kaminfr01','PHO/2021'),
('k/kaminfr01','PHO/2022'),
('k/keybr01','DEN/2024'),
('k/konchjo01','MEM/2022'),
('k/kornelu01','BOS/2023'),
('k/kornelu01','BOS/2024'),
('k/korveky01','MIL/2020'),
('k/kuzmaky01','WAS/2023'),
('k/kuzmaky01','WAS/2024'),
('l/lavinza01','CHI/2020'),
('l/lavinza01','CHI/2021'),
('l/lavinza01','CHI/2022'),
('l/lavinza01','CHI/2023'),
('l/leonaka01','LAC/2020'),
('l/leonaka01','LAC/2021'),
('l/leonaka01','LAC/2024'),
('l/leoname01','MIL/2023'),
('l/lillada01','MIL/2024'),
('l/lillada01','POR/2020'),
('l/lillada01','POR/2021'),
('l/lillada01','POR/2023'),
('l/lopezbr01','MIL/2020'),
('l/lopezbr01','MIL/2023'),
('l/lopezro01','MIL/2020'),
('l/lowryky01','TOR/2020'),
('l/lundbga01','PHO/2022'),
('m/malonka01','UTA/1997'),
('m/malonka01','UTA/1999'),
('m/malonmo01','HOU/1979'),
('m/malonmo01','HOU/1982'),
('m/malonmo01','PHI/1983'),
('m/mamuksa01','MIL/2023'),
('m/markkla01','UTA/2023'),
('m/masonfr01','MIL/2020'),
('m/mathida01','MEM/2022'),
('m/matthwe02','MIL/2020'),
('m/matthwe02','MIL/2023'),
('m/maxeyty01','PHI/2022'),
('m/maxeyty01','PHI/2024'),
('m/mcadobo01','BUF/1975'),
('m/mccawpa01','TOR/2020'),
('m/mccolcj01','NOP/2022'),
('m/mccolcj01','NOP/2023'),
('m/mccolcj01','POR/2020'),
('m/mccolcj01','POR/2022'),
('m/mcgeeja01','PHO/2022'),
('m/meltode01','MEM/2022'),
('m/merrisa01','MEM/2022'),
('m/middlkh01','MIL/2020'),
('m/middlkh01','MIL/2021'),
('m/middlkh01','MIL/2022'),
('m/middlkh01','MIL/2023'),
('m/millema01','TOR/2020'),
('m/mitchdo01','CLE/2023'),
('m/mitchdo01','CLE/2024'),
('m/mitchdo01','UTA/2020'),
('m/mitchdo01','UTA/2021'),
('m/mitchdo01','UTA/2022'),
('m/mooreet01','PHO/2021'),
('m/moranja01','MEM/2020'),
('m/moranja01','MEM/2021'),
('m/moranja01','MEM/2022'),
('m/moranja01','MEM/2023'),
('m/morgaju01','UTA/2021'),
('m/murrade01','ATL/2023'),
('m/murrade01','ATL/2024'),
('m/murrade01','SAS/2022'),
('m/murraja01','DEN/2024'),
('m/muscami01','BOS/2023'),
('m/mykhasv01','BOS/2024'),
('n/naderab01','PHO/2021'),
('n/naderab01','PHO/2022'),
('n/nashst01','PHO/2005'),
('n/nashst01','PHO/2006'),
('n/niangge01','UTA/2021'),
('n/nnajize01','DEN/2024'),
('n/nowitdi01','DAL/2007'),
('n/nworajo01','MIL/2023'),
('o/olajuha01','HOU/1994'),
('o/onealro01','UTA/2021'),
('o/onealsh01','LAL/2000'),
('o/onimi01','UTA/2021'),
('p/paulch01','OKC/2020'),
('p/paulch01','PHO/2021'),
('p/paulch01','PHO/2022'),
('p/payneca01','PHO/2021'),
('p/payneca01','PHO/2022'),
('p/paytoel01','PHO/2022'),
('p/peterdr01','BOS/2024'),
('p/pettibo01','STL/1956'),
('p/pettibo01','STL/1959'),
('p/pickeja02','DEN/2024'),
('p/pondssh01','TOR/2020'),
('p/ponsyv01','MEM/2022'),
('p/poolejo01','GSW/2022'),
('p/poolejo01','GSW/2023'),
('p/poolejo01','WAS/2024'),
('p/portemi01','DEN/2021'),
('p/portemi01','DEN/2024'),
('p/portibo01','MIL/2023'),
('p/porzikr01','BOS/2024'),
('p/porzikr01','DAL/2020'),
('p/porzikr01','WAS/2023'),
('p/powelno01','POR/2021'),
('p/powelno01','TOR/2020'),
('p/powelno01','TOR/2021'),
('p/pritcpa01','BOS/2023'),
('p/pritcpa01','BOS/2024'),
('q/quetane01','BOS/2024'),
('r/randlju01','NYK/2020'),
('r/randlju01','NYK/2021'),
('r/randlju01','NYK/2022'),
('r/randlju01','NYK/2023'),
('r/reedwi01','NYK/1970'),
('r/roberos01','CIN/1964'),
('r/robinda01','SAS/1995'),
('r/rosede01','CHI/2011'),
('r/roziete01','CHO/2020'),
('r/roziete01','CHO/2021'),
('r/roziete01','CHO/2022'),
('r/russebi01','BOS/1958'),
('r/russebi01','BOS/1961'),
('r/russebi01','BOS/1962'),
('r/russebi01','BOS/1963'),
('r/russebi01','BOS/1965'),
('r/russeda01','LAL/2024'),
('s/sabondo01','IND/2020'),
('s/sabondo01','IND/2021'),
('s/sabondo01','SAC/2023'),
('s/sabondo01','SAC/2024'),
('s/saricda01','PHO/2021'),
('s/schrode01','OKC/2020'),
('s/sextoco01','CLE/2020'),
('s/sextoco01','CLE/2021'),
('s/sextoco01','UTA/2024'),
('s/shamela01','PHO/2022'),
('s/siakapa01','IND/2024'),
('s/siakapa01','TOR/2020'),
('s/siakapa01','TOR/2021'),
('s/siakapa01','TOR/2022'),
('s/siakapa01','TOR/2023'),
('s/siakapa01','TOR/2024'),
('s/smartma01','BOS/2023'),
('s/smithja04','PHO/2021'),
('s/smithja04','PHO/2022'),
('s/sneedxa01','MEM/2022'),
('s/sprinja01','BOS/2024'),
('s/stevela01','BOS/2024'),
('s/strawju01','DEN/2024'),
('t/tatumja01','BOS/2020'),
('t/tatumja01','BOS/2021'),
('t/tatumja01','BOS/2022'),
('t/tatumja01','BOS/2023'),
('t/tatumja01','BOS/2024'),
('t/terryem01','PHO/2022'),
('t/terryty01','MEM/2022'),
('t/teskejo01','MEM/2022'),
('t/thomaca02','BRK/2024'),
('t/thomama02','TOR/2020'),
('t/thomama02','UTA/2021'),
('t/thompkl01','GSW/2023'),
('t/thompkl01','GSW/2024'),
('t/tilliki02','MEM/2022'),
('t/tillmxa01','BOS/2024'),
('t/tillmxa01','MEM/2022'),
('t/townska01','MIN/2021'),
('t/townska01','MIN/2022'),
('t/townska01','MIN/2024'),
('t/trentga02','TOR/2022'),
('t/tysonhu01','DEN/2024'),
('u/unselwe01','BAL/1969'),
('v/valanjo01','NOP/2022'),
('v/vanvlfr01','TOR/2020'),
('v/vanvlfr01','TOR/2022'),
('v/vanvlfr01','TOR/2023'),
('v/vonleno01','BOS/2023'),
('v/vucevni01','CHI/2021'),
('v/vucevni01','CHI/2022'),
('v/vucevni01','CHI/2023'),
('v/vucevni01','CHI/2024'),
('v/vucevni01','ORL/2020'),
('v/vucevni01','ORL/2021'),
('w/wagnefr01','ORL/2023'),
('w/wagnefr01','ORL/2024'),
('w/wainris01','PHO/2022'),
('w/walkeke02','BOS/2020'),
('w/walkemj01','PHO/2022'),
('w/walshjo01','BOS/2024'),
('w/waltobi01','POR/1978'),
('w/warretj01','IND/2020'),
('w/watsopa01','TOR/2020'),
('w/watsope01','DEN/2024'),
('w/wembavi01','SAS/2024'),
('w/westbru01','HOU/2020'),
('w/westbru01','LAL/2022'),
('w/westbru01','OKC/2017'),
('w/westbru01','WAS/2021'),
('w/whiteco01','CHI/2024'),
('w/whitede01','BOS/2023'),
('w/whitede01','BOS/2024'),
('w/wiggian01','GSW/2020'),
('w/wiggian01','GSW/2021'),
('w/wiggian01','MIN/2020'),
('w/wiggili01','MIL/2023'),
('w/willigr01','BOS/2023'),
('w/willija06','OKC/2024'),
('w/willilo02','LAC/2020'),
('w/willima02','MIL/2020'),
('w/williro04','BOS/2023'),
('w/willizi01','NOP/2021'),
('w/willizi01','NOP/2024'),
('w/willizi02','MEM/2022'),
('w/wilsodj01','MIL/2020'),
('y/youngtr01','ATL/2020'),
('y/youngtr01','ATL/2021'),
('y/youngtr01','ATL/2022'),
('y/youngtr01','ATL/2023'),
('y/youngtr01','ATL/2024');
/*!40000 ALTER TABLE `player_team_year` ENABLE KEYS */;
UNLOCK TABLES;

--
-- Table structure for table `players`
--

DROP TABLE IF EXISTS `players`;
/*!40101 SET @saved_cs_client     = @@character_set_client */;
/*!40101 SET character_set_client = utf8 */;
CREATE TABLE `players` (
  `player_id` varchar(31) NOT NULL,
  `player_name` varchar(255) NOT NULL,
  `height_cm` int(11) DEFAULT NULL,
  `weight_kg` int(11) DEFAULT NULL,
  `shooting_hand` char(1) DEFAULT NULL,
  `retired` tinyint(1) DEFAULT NULL,
  `experience` tinyint(4) DEFAULT NULL,
  `birthplace` varchar(63) DEFAULT NULL,
  `birthdate` year(4) DEFAULT NULL,
  PRIMARY KEY (`player_id`)
) ENGINE=InnoDB DEFAULT CHARSET=utf8mb4 COLLATE=utf8mb4_unicode_ci;
/*!40101 SET character_set_client = @saved_cs_client */;

--
-- Dumping data for table `players`
--

LOCK TABLES `players` WRITE;
/*!40000 ALTER TABLE `players` DISABLE KEYS */;
INSERT INTO `players` VALUES
('a/abdulka01','Kareem Abdul-Jabbar',218,102,'R',1,20,'United States',1947),
('a/adamsst01','Steven Adams',211,120,'R',0,8,'New Zealand',1993),
('a/adebaba01','Bam Adebayo',206,115,'R',0,7,'United States',1997),
('a/aldamsa01','Santi Aldama',211,101,'R',0,0,'Spain',2001),
('a/alexaty01','Ty-Shon Alexander',190,88,'R',0,0,'United States',1998),
('a/allengr01','Grayson Allen',193,89,'R',0,4,'United States',1995),
('a/anderky01','Kyle Anderson',206,104,'R',0,7,'United States',1993),
('a/antetgi01','Giannis Antetokounmpo',211,109,'R',0,11,'Greece',1994),
('a/antetth01','Thanasis Antetokounmpo',201,99,'R',0,1,'Greece',1992),
('a/anunoog01','OG Anunoby',201,105,'R',0,2,'United Kingdom',1997),
('a/aytonde01','Deandre Ayton',213,113,'R',0,2,'Bahamas',1998),
('a/azubuud01','Udoka Azubuike',208,127,'R',0,0,'Nigeria',1999),
('b/ballla01','LaMelo Ball',201,81,'R',0,4,'United States',2001),
('b/banchpa01','Paolo Banchero',208,113,'R',0,2,'United States',2002),
('b/banede01','Desmond Bane',196,97,'R',0,4,'United States',1998),
('b/bantoda01','Dalano Banton',206,92,'R',0,2,'Canada',1999),
('b/barklch01','Charles Barkley',198,114,'R',1,16,'United States',1963),
('b/barneha02','Harrison Barnes',203,102,'R',0,12,'United States',1992),
('b/barrerj01','RJ Barrett',198,97,'L',0,5,'Canada',2000),
('b/basspa01','Paris Bass',203,90,'R',0,0,'United States',1995),
('b/bealbr01','Bradley Beal',193,93,'R',0,12,'United States',1993),
('b/beaucma01','MarJon Beauchamp',198,90,'R',0,0,'United States',2000),
('b/bendedr01','Dragan Bender',213,102,'R',1,3,'Bosnia and Herzegovina',1997),
('b/beysa01','Saddiq Bey',201,97,'R',0,4,'United States',1999),
('b/birdla01','Larry Bird',206,99,'R',1,13,'United States',1956),
('b/biyombi01','Bismack Biyombo',203,115,'R',0,10,'Democratic Republic of the Congo',1992),
('b/bledser01','Eric Bledsoe',185,97,'R',1,9,'United States',1989),
('b/bogdabo02','Bojan Bogdanović',201,102,'R',0,10,'Bosnia and Herzegovina',1989),
('b/bookede01','Devin Booker',198,93,'R',0,9,'United States',1996),
('b/bouchch01','Chris Boucher',206,90,'R',0,2,'Saint Lucia',1993),
('b/brantja01','Jarrell Brantley',196,113,'R',0,1,'United States',1996),
('b/braunch01','Christian Braun',198,98,'R',0,1,'United States',2001),
('b/bridgmi01','Mikal Bridges',198,94,'R',0,6,'United States',1996),
('b/bridgmi02','Miles Bridges',201,102,'L',0,5,'United States',1998),
('b/brissos01','Oshae Brissett',201,95,'R',0,0,'Canada',1998),
('b/brogdma01','Malcolm Brogdon',193,103,'R',0,8,'United States',1992),
('b/brookdi01','Dillon Brooks',198,102,'R',0,7,'Canada',1996),
('b/brownja02','Jaylen Brown',198,101,'R',0,8,'United States',1996),
('b/brownst02','Sterling Brown',196,99,'R',0,2,'United States',1995),
('b/brunsja01','Jalen Brunson',188,86,'L',0,6,'United States',1996),
('b/bryanko01','Kobe Bryant',198,96,'R',1,20,'United States',1978),
('b/buchash01','Shaq Buchanan',190,86,'R',0,0,'United States',1997),
('b/butleji01','Jimmy Butler',201,104,'R',0,13,'United States',1989),
('c/caldwke01','Kentavious Caldwell-Pope',196,92,'R',0,10,'United States',1993),
('c/carteje01','Jevon Carter',185,90,'R',0,2,'United States',1995),
('c/chambwi01','Wilt Chamberlain',216,124,'R',1,14,'United States',1936),
('c/champju01','Justin Champagnie',198,90,'R',0,1,'United States',2001),
('c/clarkbr01','Brandon Clarke',203,97,'R',0,2,'Canada',1996),
('c/clarkjo01','Jordan Clarkson',190,87,'R',0,10,'United States',1992),
('c/collijo01','John Collins',206,106,'R',0,7,'United States',1997),
('c/conlemi01','Mike Conley',183,79,'L',0,13,'United States',1987),
('c/connapa01','Pat Connaughton',196,94,'R',0,4,'United States',1993),
('c/cousybo01','Bob Cousy',185,79,'R',1,14,'United States',1928),
('c/cowenda01','Dave Cowens',206,104,'L',1,11,'United States',1948),
('c/craigto01','Torrey Craig',201,100,'R',0,3,'United States',1990),
('c/crowdja01','Jae Crowder',198,106,'R',0,8,'United States',1990),
('c/culveja01','Jarrett Culver',198,88,'R',0,2,'United States',1999),
('c/cunnica01','Cade Cunningham',198,99,'R',0,3,'United States',2001),
('c/curryst01','Stephen Curry',188,83,'R',0,15,'United States',1988),
('d/davisan02','Anthony Davis',208,114,'R',0,12,'United States',1993),
('d/davisjd01','JD Davison',185,88,'R',0,0,'United States',2002),
('d/daviste02','Terence Davis',193,91,'R',0,0,'United States',1997),
('d/derozde01','DeMar DeRozan',198,99,'R',0,15,'United States',1989),
('d/dinwisp01','Spencer Dinwiddie',196,97,'R',0,10,'United States',1993),
('d/divindo01','Donte DiVincenzo',193,92,'R',0,1,'United States',1997),
('d/doncilu01','Luka Dončić',198,104,'R',0,6,'Slovenia',1999),
('d/dragigo01','Goran Dragić',193,86,'L',1,14,'Slovenia',1986),
('d/duncati01','Tim Duncan',211,113,'R',1,19,'U.S. Virgin Islands',1976),
('d/duranke01','Kevin Durant',211,108,'R',0,16,'United States',1988),
('e/edwaran01','Anthony Edwards',193,102,'R',0,4,'United States',2001),
('e/embiijo01','Joel Embiid',213,127,'R',0,8,'Cameroon',1994),
('e/ervinju01','Julius Erving',201,95,'R',1,16,'United States',1950),
('f/favorde01','Derrick Favors',206,120,'R',0,10,'United States',1991),
('f/forretr01','Trent Forrest',193,95,'R',0,0,'United States',1998),
('f/fournev01','Evan Fournier',198,92,'R',0,12,'France',1992),
('f/foxde01','De\'Aaron Fox',190,83,'L',0,7,'United States',1997),
('g/gallida01','Danilo Gallinari',208,105,'R',0,14,'Italy',1988),
('g/gallola01','Langston Galloway',185,90,'R',0,6,'United States',1991),
('g/garlada01','Darius Garland',185,87,'R',0,5,'United States',2000),
('g/garneke01','Kevin Garnett',211,108,'R',1,21,'United States',1976),
('g/gasolma01','Marc Gasol',211,115,'R',1,11,'Spain',1985),
('g/georgpa01','Paul George',203,99,'R',0,14,'United States',1990),
('g/gilgesh01','Shai Gilgeous-Alexander',198,90,'R',0,6,'Canada',1998),
('g/gilleco01','Collin Gillespie',185,88,'R',0,0,'United States',1999),
('g/goberru01','Rudy Gobert',216,117,'R',0,7,'France',1992),
('g/gordoaa01','Aaron Gordon',203,106,'R',0,9,'United States',1995),
('g/grahade01','Devonte\' Graham',185,88,'R',0,6,'United States',1995),
('g/grantje01','Jerami Grant',201,95,'R',0,10,'United States',1994),
('g/greenaj01','A.J. Green',193,90,'R',0,0,'United States',1999),
('g/greenja05','Jalen Green',193,80,'R',0,3,'United States',2002),
('g/griffbl01','Blake Griffin',206,113,'R',1,12,'United States',1989),
('h/halibty01','Tyrese Haliburton',196,83,'R',0,4,'United States',2000),
('h/hardati02','Tim Hardaway Jr.',196,92,'R',0,11,'United States',1992),
('h/hardeja01','James Harden',196,99,'L',0,15,'United States',1989),
('h/harremo01','Montrezl Harrell',201,108,'R',0,8,'United States',1994),
('h/harrish01','Shaquille Harrison',193,86,'L',0,3,'United States',1993),
('h/harrito02','Tobias Harris',203,102,'R',0,13,'United States',1992),
('h/hausesa01','Sam Hauser',203,97,'R',0,1,'United States',1997),
('h/hernade01','Dewan Hernandez',208,106,'R',0,0,'United States',1996),
('h/herroty01','Tyler Herro',196,88,'R',0,5,'United States',2000),
('h/hieldbu01','Buddy Hield',193,99,'R',0,8,'Bahamas',1992),
('h/hillge01','George Hill',193,85,'R',0,11,'United States',1986),
('h/holidaa01','Aaron Holiday',183,83,'R',0,3,'United States',1996),
('h/holidjr01','Jrue Holiday',193,92,'R',0,15,'United States',1990),
('h/holidju01','Justin Holiday',198,81,'R',0,10,'United States',1989),
('h/holliro01','Rondae Hollis-Jefferson',198,98,'L',1,4,'United States',1995),
('h/holmgch01','Chet Holmgren',216,96,'R',0,1,'United States',2002),
('h/horfoal01','Al Horford',206,108,'R',0,15,'Dominican Republic',1986),
('h/huffja01','Jay Huff',216,108,'R',0,2,'United States',1998),
('h/hugheel01','Elijah Hughes',196,97,'R',0,0,'United States',1998),
('h/hutchch01','Chandler Hutchison',198,95,'R',0,3,'United States',1996),
('i/ibakase01','Serge Ibaka',211,106,'R',1,10,'Republic of the Congo',1989),
('i/ilyaser01','Ersan İlyasova',206,106,'R',1,11,'Turkey',1987),
('i/inglejo01','Joe Ingles',203,99,'L',0,6,'Australia',1987),
('i/ingrabr01','Brandon Ingram',203,86,'R',0,8,'United States',1997),
('i/irvinky01','Kyrie Irving',188,88,'R',0,13,'Australia',1992),
('i/iversal01','Allen Iverson',183,74,'R',1,14,'United States',1975),
('j/jacksja02','Jaren Jackson Jr.',208,109,'R',0,6,'United States',1999),
('j/jacksju01','Justin Jackson',203,99,'R',0,4,'United States',1995),
('j/jacksre01','Reggie Jackson',188,94,'R',0,13,'Italy',1990),
('j/jamesle01','LeBron James',206,113,'R',0,21,'United States',1984),
('j/jeffrda01','DaQuan Jeffries',196,104,'R',0,2,'United States',1997),
('j/johnsca02','Cameron Johnson',203,95,'R',0,1,'United States',1996),
('j/johnske04','Keldon Johnson',196,99,'R',0,5,'United States',1999),
('j/johnsma02','Magic Johnson',206,97,'R',1,13,'United States',1959),
('j/johnsst04','Stanley Johnson',198,109,'R',0,4,'United States',1996),
('j/jokicni01','Nikola Jokić',211,128,'R',0,9,'Serbia',1995),
('j/jonesda03','Damian Jones',211,111,'R',0,4,'United States',1995),
('j/jonesty01','Tyus Jones',185,88,'R',0,6,'United States',1996),
('j/jordade01','DeAndre Jordan',211,120,'L',0,15,'United States',1988),
('j/jordami01','Michael Jordan',198,89,'R',1,15,'United States',1963),
('k/kabenmf01','Mfiondu Kabengele',206,113,'R',0,2,'Canada',1997),
('k/kaminfr01','Frank Kaminsky',213,108,'R',0,5,'United States',1993),
('k/keybr01','Braxton Key',203,104,'R',0,2,'United States',1997),
('k/konchjo01','John Konchar',196,95,'R',0,2,'United States',1996),
('k/kornelu01','Luke Kornet',218,113,'R',0,5,'United States',1995),
('k/korveky01','Kyle Korver',201,96,'R',1,16,'United States',1981),
('k/kuzmaky01','Kyle Kuzma',206,100,'R',0,7,'United States',1995),
('l/lavinza01','Zach LaVine',196,90,'R',0,10,'United States',1995),
('l/leonaka01','Kawhi Leonard',201,102,'R',0,12,'United States',1991),
('l/leoname01','Meyers Leonard',213,117,'R',0,9,'United States',1992),
('l/lillada01','Damian Lillard',188,88,'R',0,12,'United States',1990),
('l/lopezbr01','Brook Lopez',216,127,'R',0,11,'United States',1988),
('l/lopezro01','Robin Lopez',216,127,'R',0,11,'United States',1988),
('l/lowryky01','Kyle Lowry',183,88,'R',0,18,'United States',1986),
('l/lundbga01','Gabriel Lundberg',193,92,'R',1,0,'Denmark',1994),
('m/malonka01','Karl Malone',206,113,'R',1,19,'United States',1963),
('m/malonmo01','Moses Malone',208,97,'R',1,21,'United States',1955),
('m/mamuksa01','Sandro Mamukelashvili',211,108,'L',0,1,'United States',1999),
('m/markkla01','Lauri Markkanen',213,108,'R',0,7,'Finland',1997),
('m/masonfr01','Frank Mason III',180,86,'R',1,2,'United States',1994),
('m/mathida01','Dakota Mathias',193,90,'R',0,1,'United States',1995),
('m/matthwe02','Wesley Matthews',196,99,'R',0,10,'United States',1986),
('m/maxeyty01','Tyrese Maxey',188,90,'R',0,4,'United States',2000),
('m/mcadobo01','Bob McAdoo',206,95,'R',1,14,'United States',1951),
('m/mccawpa01','Patrick McCaw',201,82,'R',0,3,'United States',1995),
('m/mccolcj01','CJ McCollum',190,86,'R',0,11,'United States',1991),
('m/mcgeeja01','JaVale McGee',213,122,'R',0,13,'United States',1988),
('m/meltode01','De\'Anthony Melton',188,90,'R',0,3,'United States',1998),
('m/merrisa01','Sam Merrill',193,92,'R',0,1,'United States',1996),
('m/middlkh01','Khris Middleton',201,100,'R',0,12,'United States',1991),
('m/millema01','Malcolm Miller',201,95,'R',0,2,'United States',1993),
('m/mitchdo01','Donovan Mitchell',190,97,'R',0,7,'United States',1996),
('m/mooreet01','E\'Twaun Moore',190,86,'R',1,9,'United States',1989),
('m/moranja01','Ja Morant',188,78,'R',0,5,'United States',1999),
('m/morgaju01','Juwan Morgan',201,105,'R',0,1,'United States',1997),
('m/murrade01','Dejounte Murray',196,81,'R',0,7,'United States',1996),
('m/murraja01','Jamal Murray',193,97,'R',0,6,'Canada',1997),
('m/muscami01','Mike Muscala',208,108,'R',0,9,'United States',1991),
('m/mykhasv01','Svi Mykhailiuk',201,92,'R',0,5,'Ukraine',1997),
('n/naderab01','Abdel Nader',196,102,'R',1,3,'Egypt',1993),
('n/nashst01','Steve Nash',190,88,'R',1,18,'South Africa',1974),
('n/niangge01','Georges Niang',201,104,'R',0,4,'United States',1993),
('n/nnajize01','Zeke Nnaji',206,108,'R',0,3,'United States',2001),
('n/nowitdi01','Dirk Nowitzki',213,111,'R',1,21,'Germany',1978),
('n/nworajo01','Jordan Nwora',203,102,'R',0,2,'United States',1998),
('o/olajuha01','Hakeem Olajuwon',213,115,'R',1,18,'Nigeria',1963),
('o/onealro01','Royce O\'Neale',193,102,'R',0,3,'United States',1993),
('o/onealsh01','Shaquille O\'Neal',216,147,'R',1,19,'United States',1972),
('o/onimi01','Miye Oni',196,93,'R',0,1,'United States',1997),
('p/paulch01','Chris Paul',183,79,'R',0,19,'United States',1985),
('p/payneca01','Cameron Payne',190,83,'L',0,5,'United States',1994),
('p/paytoel01','Elfrid Payton',190,88,'R',0,7,'United States',1994),
('p/peterdr01','Drew Peterson',206,92,'R',0,0,'United States',1999),
('p/pettibo01','Bob Pettit',206,92,'R',1,11,'United States',1932),
('p/pickeja02','Jalen Pickett',193,94,'R',0,0,'United States',1999),
('p/pondssh01','Shamorie Ponds',183,81,'L',0,0,'United States',1998),
('p/ponsyv01','Yves Pons',198,97,'L',0,0,'Haiti',1999),
('p/poolejo01','Jordan Poole',193,87,'R',0,5,'United States',1999),
('p/portemi01','Michael Porter Jr.',208,98,'R',0,5,'United States',1998),
('p/portibo01','Bobby Portis',208,113,'R',0,7,'United States',1995),
('p/porzikr01','Kristaps Porziņģis',218,108,'R',0,8,'Latvia',1995),
('p/powelno01','Norman Powell',190,97,'R',0,9,'United States',1993),
('p/pritcpa01','Payton Pritchard',185,88,'R',0,2,'United States',1998),
('q/quetane01','Neemias Queta',213,111,'R',0,2,'Portugal',1999),
('r/randlju01','Julius Randle',206,113,'L',0,10,'United States',1994),
('r/reedwi01','Willis Reed',208,106,'L',1,10,'United States',1942),
('r/roberos01','Oscar Robertson',196,92,'R',1,14,'United States',1938),
('r/robinda01','David Robinson',216,106,'L',1,14,'United States',1965),
('r/rosede01','Derrick Rose',190,90,'R',1,15,'United States',1988),
('r/roziete01','Terry Rozier',185,86,'R',0,9,'United States',1994),
('r/russebi01','Bill Russell',208,97,'L',1,13,'United States',1934),
('r/russeda01','D\'Angelo Russell',190,87,'L',0,9,'United States',1996),
('s/sabondo01','Domantas Sabonis',208,108,'L',0,8,'United States',1996),
('s/saricda01','Dario Šarić',208,102,'R',0,4,'Croatia',1994),
('s/schrode01','Dennis Schröder',185,78,'R',0,11,'Germany',1993),
('s/sextoco01','Collin Sexton',190,86,'R',0,6,'United States',1999),
('s/shamela01','Landry Shamet',193,86,'R',0,3,'United States',1997),
('s/siakapa01','Pascal Siakam',203,104,'R',0,8,'Cameroon',1994),
('s/smartma01','Marcus Smart',190,99,'R',0,8,'United States',1994),
('s/smithja04','Jalen Smith',208,97,'R',0,0,'United States',2000),
('s/sneedxa01','Xavier Sneed',196,97,'R',0,0,'United States',1997),
('s/sprinja01','Jaden Springer',193,92,'R',0,2,'United States',2002),
('s/stevela01','Lamar Stevens',198,104,'R',0,3,'United States',1997),
('s/strawju01','Julian Strawther',201,92,'R',0,0,'United States',2002),
('t/tatumja01','Jayson Tatum',203,95,'R',0,7,'United States',1998),
('t/terryem01','Emanuel Terry',206,99,'R',1,1,'United States',1996),
('t/terryty01','Tyrell Terry',188,72,'R',0,1,'United States',2000),
('t/teskejo01','Jon Teske',216,120,'R',1,0,'United States',1997),
('t/thomaca02','Cam Thomas',193,95,'R',0,3,'Japan',2001),
('t/thomama02','Matt Thomas',193,86,'R',1,0,'United States',1994),
('t/thompkl01','Klay Thompson',196,97,'R',0,11,'United States',1990),
('t/tilliki02','Killian Tillie',206,99,'R',0,1,'France',1998),
('t/tillmxa01','Xavier Tillman Sr.',203,111,'R',0,1,'United States',1999),
('t/townska01','Karl-Anthony Towns',213,112,'R',0,9,'United States',1995),
('t/trentga02','Gary Trent Jr.',196,94,'R',0,6,'United States',1999),
('t/tysonhu01','Hunter Tyson',203,97,'R',0,0,'United States',2000),
('u/unselwe01','Wes Unseld',201,111,'R',1,13,'United States',1946),
('v/valanjo01','Jonas Valančiūnas',211,120,'R',0,12,'Lithuania',1992),
('v/vanvlfr01','Fred VanVleet',183,89,'R',0,8,'United States',1994),
('v/vonleno01','Noah Vonleh',208,116,'R',0,7,'United States',1995),
('v/vucevni01','Nikola Vučević',208,117,'R',0,13,'Switzerland',1990),
('w/wagnefr01','Franz Wagner',208,102,'R',0,3,'Germany',2001),
('w/wainris01','Ish Wainright',198,113,'R',0,0,'United States',1994),
('w/walkeke02','Kemba Walker',183,83,'R',1,12,'United States',1990),
('w/walkemj01','M.J. Walker',196,96,'R',0,0,'United States',1998),
('w/walshjo01','Jordan Walsh',201,92,'R',0,0,'United States',2004),
('w/waltobi01','Bill Walton',211,95,'R',1,10,'United States',1952),
('w/warretj01','T.J. Warren',203,99,'R',0,9,'United States',1993),
('w/watsopa01','Paul Watson',198,95,'R',1,0,'United States',1994),
('w/watsope01','Peyton Watson',203,90,'R',0,1,'United States',2002),
('w/wembavi01','Victor Wembanyama',221,106,'R',0,1,'France',2004),
('w/westbru01','Russell Westbrook',193,90,'R',0,16,'United States',1988),
('w/whiteco01','Coby White',196,88,'R',0,5,'United States',2000),
('w/whitede01','Derrick White',193,86,'R',0,5,'United States',1994),
('w/wiggian01','Andrew Wiggins',201,89,'R',0,10,'Canada',1995),
('w/wiggili01','Lindell Wigginton',188,85,'R',0,1,'Canada',1998),
('w/willigr01','Grant Williams',198,107,'R',0,3,'United States',1998),
('w/willija06','Jalen Williams',198,99,'R',0,2,'United States',2001),
('w/willilo02','Lou Williams',188,79,'R',1,17,'United States',1986),
('w/willima02','Marvin Williams',203,107,'R',1,14,'United States',1986),
('w/williro04','Robert Williams',206,107,'R',0,4,'United States',1997),
('w/willizi01','Zion Williamson',198,128,'L',0,4,'United States',2000),
('w/willizi02','Ziaire Williams',206,97,'R',0,0,'United States',2001),
('w/wilsodj01','D.J. Wilson',208,104,'R',0,2,'United States',1996),
('y/youngtr01','Trae Young',185,74,'R',0,6,'United States',1998);
/*!40000 ALTER TABLE `players` ENABLE KEYS */;
UNLOCK TABLES;

--
-- Table structure for table `standings`
--

DROP TABLE IF EXISTS `standings`;
/*!40101 SET @saved_cs_client     = @@character_set_client */;
/*!40101 SET character_set_client = utf8 */;
CREATE TABLE `standings` (
  `standing` tinyint(4) NOT NULL,
  `team_year_id` varchar(8) NOT NULL,
  PRIMARY KEY (`standing`,`team_year_id`),
  KEY `team_year_id` (`team_year_id`),
  CONSTRAINT `standings_ibfk_1` FOREIGN KEY (`team_year_id`) REFERENCES `team_year_mapping` (`team_year_id`) ON DELETE CASCADE
) ENGINE=InnoDB DEFAULT CHARSET=utf8mb4 COLLATE=utf8mb4_unicode_ci;
/*!40101 SET character_set_client = @saved_cs_client */;

--
-- Dumping data for table `standings`
--

LOCK TABLES `standings` WRITE;
/*!40000 ALTER TABLE `standings` DISABLE KEYS */;
INSERT INTO `standings` VALUES
(1,'BOS/2024'),
(1,'MIL/2020'),
(1,'MIL/2023'),
(1,'PHO/2022'),
(1,'UTA/2021'),
(2,'BOS/2023'),
(2,'DEN/2024'),
(2,'MEM/2022'),
(2,'PHO/2021'),
(2,'TOR/2020');
/*!40000 ALTER TABLE `standings` ENABLE KEYS */;
UNLOCK TABLES;

--
-- Table structure for table `team_year_mapping`
--

DROP TABLE IF EXISTS `team_year_mapping`;
/*!40101 SET @saved_cs_client     = @@character_set_client */;
/*!40101 SET character_set_client = utf8 */;
CREATE TABLE `team_year_mapping` (
  `team_year_id` varchar(8) NOT NULL,
  `team_id` varchar(3) NOT NULL,
  `year` year(4) NOT NULL,
  PRIMARY KEY (`team_year_id`)
) ENGINE=InnoDB DEFAULT CHARSET=utf8mb4 COLLATE=utf8mb4_unicode_ci;
/*!40101 SET character_set_client = @saved_cs_client */;

--
-- Dumping data for table `team_year_mapping`
--

LOCK TABLES `team_year_mapping` WRITE;
/*!40000 ALTER TABLE `team_year_mapping` DISABLE KEYS */;
INSERT INTO `team_year_mapping` VALUES
('ATL/2020','ATL',2020),
('ATL/2021','ATL',2021),
('ATL/2022','ATL',2022),
('ATL/2023','ATL',2023),
('ATL/2024','ATL',2024),
('BAL/1969','BAL',1969),
('BOS/1957','BOS',1957),
('BOS/1958','BOS',1958),
('BOS/1961','BOS',1961),
('BOS/1962','BOS',1962),
('BOS/1963','BOS',1963),
('BOS/1965','BOS',1965),
('BOS/1973','BOS',1973),
('BOS/1984','BOS',1984),
('BOS/1985','BOS',1985),
('BOS/1986','BOS',1986),
('BOS/2020','BOS',2020),
('BOS/2021','BOS',2021),
('BOS/2022','BOS',2022),
('BOS/2023','BOS',2023),
('BOS/2024','BOS',2024),
('BRK/2020','BRK',2020),
('BRK/2021','BRK',2021),
('BRK/2022','BRK',2022),
('BRK/2023','BRK',2023),
('BRK/2024','BRK',2024),
('BUF/1975','BUF',1975),
('CHI/1988','CHI',1988),
('CHI/1991','CHI',1991),
('CHI/1992','CHI',1992),
('CHI/1996','CHI',1996),
('CHI/1998','CHI',1998),
('CHI/2011','CHI',2011),
('CHI/2020','CHI',2020),
('CHI/2021','CHI',2021),
('CHI/2022','CHI',2022),
('CHI/2023','CHI',2023),
('CHI/2024','CHI',2024),
('CHO/2020','CHO',2020),
('CHO/2021','CHO',2021),
('CHO/2022','CHO',2022),
('CHO/2024','CHO',2024),
('CIN/1964','CIN',1964),
('CLE/2009','CLE',2009),
('CLE/2010','CLE',2010),
('CLE/2020','CLE',2020),
('CLE/2021','CLE',2021),
('CLE/2022','CLE',2022),
('CLE/2023','CLE',2023),
('CLE/2024','CLE',2024),
('DAL/2007','DAL',2007),
('DAL/2020','DAL',2020),
('DAL/2021','DAL',2021),
('DAL/2022','DAL',2022),
('DAL/2023','DAL',2023),
('DAL/2024','DAL',2024),
('DEN/2020','DEN',2020),
('DEN/2021','DEN',2021),
('DEN/2022','DEN',2022),
('DEN/2023','DEN',2023),
('DEN/2024','DEN',2024),
('DET/2021','DET',2021),
('DET/2022','DET',2022),
('DET/2024','DET',2024),
('GSW/2015','GSW',2015),
('GSW/2016','GSW',2016),
('GSW/2020','GSW',2020),
('GSW/2021','GSW',2021),
('GSW/2022','GSW',2022),
('GSW/2023','GSW',2023),
('GSW/2024','GSW',2024),
('HOU/1979','HOU',1979),
('HOU/1982','HOU',1982),
('HOU/1994','HOU',1994),
('HOU/2018','HOU',2018),
('HOU/2020','HOU',2020),
('HOU/2023','HOU',2023),
('HOU/2024','HOU',2024),
('IND/2020','IND',2020),
('IND/2021','IND',2021),
('IND/2022','IND',2022),
('IND/2023','IND',2023),
('IND/2024','IND',2024),
('LAC/2020','LAC',2020),
('LAC/2021','LAC',2021),
('LAC/2022','LAC',2022),
('LAC/2024','LAC',2024),
('LAL/1976','LAL',1976),
('LAL/1977','LAL',1977),
('LAL/1980','LAL',1980),
('LAL/1987','LAL',1987),
('LAL/1989','LAL',1989),
('LAL/1990','LAL',1990),
('LAL/2000','LAL',2000),
('LAL/2008','LAL',2008),
('LAL/2020','LAL',2020),
('LAL/2021','LAL',2021),
('LAL/2022','LAL',2022),
('LAL/2023','LAL',2023),
('LAL/2024','LAL',2024),
('MEM/2020','MEM',2020),
('MEM/2021','MEM',2021),
('MEM/2022','MEM',2022),
('MEM/2023','MEM',2023),
('MEM/2024','MEM',2024),
('MIA/2012','MIA',2012),
('MIA/2013','MIA',2013),
('MIA/2020','MIA',2020),
('MIA/2021','MIA',2021),
('MIA/2022','MIA',2022),
('MIA/2023','MIA',2023),
('MIA/2024','MIA',2024),
('MIL/1971','MIL',1971),
('MIL/1972','MIL',1972),
('MIL/1974','MIL',1974),
('MIL/2019','MIL',2019),
('MIL/2020','MIL',2020),
('MIL/2021','MIL',2021),
('MIL/2022','MIL',2022),
('MIL/2023','MIL',2023),
('MIL/2024','MIL',2024),
('MIN/2004','MIN',2004),
('MIN/2020','MIN',2020),
('MIN/2021','MIN',2021),
('MIN/2022','MIN',2022),
('MIN/2023','MIN',2023),
('MIN/2024','MIN',2024),
('NOP/2020','NOP',2020),
('NOP/2021','NOP',2021),
('NOP/2022','NOP',2022),
('NOP/2023','NOP',2023),
('NOP/2024','NOP',2024),
('NYK/1970','NYK',1970),
('NYK/2020','NYK',2020),
('NYK/2021','NYK',2021),
('NYK/2022','NYK',2022),
('NYK/2023','NYK',2023),
('NYK/2024','NYK',2024),
('OKC/2014','OKC',2014),
('OKC/2017','OKC',2017),
('OKC/2020','OKC',2020),
('OKC/2022','OKC',2022),
('OKC/2023','OKC',2023),
('OKC/2024','OKC',2024),
('ORL/2020','ORL',2020),
('ORL/2021','ORL',2021),
('ORL/2023','ORL',2023),
('ORL/2024','ORL',2024),
('PHI/1966','PHI',1966),
('PHI/1967','PHI',1967),
('PHI/1968','PHI',1968),
('PHI/1981','PHI',1981),
('PHI/1983','PHI',1983),
('PHI/2001','PHI',2001),
('PHI/2020','PHI',2020),
('PHI/2021','PHI',2021),
('PHI/2022','PHI',2022),
('PHI/2023','PHI',2023),
('PHI/2024','PHI',2024),
('PHO/1993','PHO',1993),
('PHO/2005','PHO',2005),
('PHO/2006','PHO',2006),
('PHO/2020','PHO',2020),
('PHO/2021','PHO',2021),
('PHO/2022','PHO',2022),
('PHO/2023','PHO',2023),
('PHO/2024','PHO',2024),
('PHW/1960','PHW',1960),
('POR/1978','POR',1978),
('POR/2020','POR',2020),
('POR/2021','POR',2021),
('POR/2022','POR',2022),
('POR/2023','POR',2023),
('SAC/2020','SAC',2020),
('SAC/2021','SAC',2021),
('SAC/2022','SAC',2022),
('SAC/2023','SAC',2023),
('SAC/2024','SAC',2024),
('SAS/1995','SAS',1995),
('SAS/2002','SAS',2002),
('SAS/2003','SAS',2003),
('SAS/2020','SAS',2020),
('SAS/2021','SAS',2021),
('SAS/2022','SAS',2022),
('SAS/2023','SAS',2023),
('SAS/2024','SAS',2024),
('STL/1956','STL',1956),
('STL/1959','STL',1959),
('TOR/2020','TOR',2020),
('TOR/2021','TOR',2021),
('TOR/2022','TOR',2022),
('TOR/2023','TOR',2023),
('TOR/2024','TOR',2024),
('UTA/1997','UTA',1997),
('UTA/1999','UTA',1999),
('UTA/2020','UTA',2020),
('UTA/2021','UTA',2021),
('UTA/2022','UTA',2022),
('UTA/2023','UTA',2023),
('UTA/2024','UTA',2024),
('WAS/2020','WAS',2020),
('WAS/2021','WAS',2021),
('WAS/2023','WAS',2023),
('WAS/2024','WAS',2024);
/*!40000 ALTER TABLE `team_year_mapping` ENABLE KEYS */;
UNLOCK TABLES;
/*!40103 SET TIME_ZONE=@OLD_TIME_ZONE */;

/*!40101 SET SQL_MODE=@OLD_SQL_MODE */;
/*!40014 SET FOREIGN_KEY_CHECKS=@OLD_FOREIGN_KEY_CHECKS */;
/*!40014 SET UNIQUE_CHECKS=@OLD_UNIQUE_CHECKS */;
/*!40101 SET CHARACTER_SET_CLIENT=@OLD_CHARACTER_SET_CLIENT */;
/*!40101 SET CHARACTER_SET_RESULTS=@OLD_CHARACTER_SET_RESULTS */;
/*!40101 SET COLLATION_CONNECTION=@OLD_COLLATION_CONNECTION */;
/*!40111 SET SQL_NOTES=@OLD_SQL_NOTES */;

-- Dump completed on 2025-01-31 18:51:30
